eeg_spike_count_mean,eeg_spike_count_max,eeg_spike_count_std,eeg_delta_mean,eeg_delta_max,eeg_delta_std,eeg_theta_mean,eeg_theta_max,eeg_theta_std,eeg_alpha_mean,eeg_alpha_max,eeg_alpha_std,eeg_beta_mean,eeg_beta_max,eeg_beta_std,eeg_gamma_mean,eeg_gamma_max,eeg_gamma_std,eeg_source_id
0.0,0,0.0,0.6693327781672956,0.8498431132513846,0.10980207459856677,0.1044870613852349,0.1786153680731032,0.030398785945891627,0.01582891327965339,0.04176878831787891,0.005977827834746287,0.07046138673001454,0.3864132224881908,0.06093525570356734,0.08007430708047028,0.37195400679558055,0.0625638061606609,chb01_01
0.0,0,0.0,0.7257237746703147,0.8477428710746552,0.08434320641285449,0.07704767255773975,0.14459906954419444,0.028832655515752554,0.011666559358579838,0.03451850589794285,0.005837049625392126,0.03215181122626483,0.20921016453409388,0.03553745368922041,0.03780343711448888,0.28824682397190426,0.05018736983210114,chb16_04
0.0,0,0.0,0.708398523034406,0.840249782950522,0.09363054860384992,0.1043066629738683,0.20852147859355946,0.03442106677837983,0.012041455642644154,0.032087546664198496,0.005938645282324927,0.02471354066812328,0.1630270745392698,0.032758448692359415,0.04597085960066296,0.28183621707210027,0.062310791257797093,chb19_03
